before,after
advertising ecosystem,advertising domain
allergies in nutrition food toxins,allergies in nutrition food domain
application security,application domain
art preservation,art domain
arterial partial pressure of carbon dioxide,arterial partial pressure of domain
based on ecosystems perspectives,based on domain perspectives
bias measurement error,domain measurement error
biological law,biological domain
black hole,domain hole
brain architecture,brain domain
business ecosystem,business domain
business sustainability,business domain
classroom ecology,classroom domain
climate and classroom,domain and classroom
co2 laser,domain laser
competitive advantage analyses of environment,competitive advantage analyses of domain
conservation law,conservation domain
court positioning,domain positioning
"creating characters (\w[ \w]*){1,3} environment",creating characters $1 domain
cultural landscape,cultural domain
data ecosystem,data domain
decision forest,decision domain
decision tree,decision domain
degrees of freedom,degrees of domain
digital ecosystem,digital domain
ecological momentary assessment,domain momentary assessment
emission tomography,domain tomography
entertainment industry,entertainment domain
"entertainment within (\w[ \w]*){1,3} ecology",entertainment within $1 domain
external landscape,external domain
green screen footage,domain screen footage
"image filtering (\w[ \w]*){1,3} restoration",image filtering $1 repair
inclusion exclusion symmetric,domain exclusion symmetric
intellectual landscape,intellectual domain
internal landscape,internal domain
"international trade (\w[ \w]*){1,3} environment",international trade $1 domain
laws? of nature,domain of nature
laws? of thermodynamic,domain of thermodynamic
natural history museum,natural history domain
nitrogen recycling,nitrogen cycling
nutrient recycling,nutrient cycling
open to all students faculty and staff of any gender,open to all students faculty and staff of any domain
oral microbial ecology,oral microbial domain
phosphorous recycling,phosphorous cycling
phylogenetic tree,phylogenetic domain
physical law,physical domain
platforms ecosystem,platforms domain
pointe technique for women,pointe technique for domain
prison pipeline,prison domain
random forest,random domain
reactive species,reactive domain
recycled nutrients,cycled nutrients
recycling of carbon,cycling of carbon
recycling of damaged,cycling of damaged
recycling of inorganic carbon,cycling of inorganic carbon
recycling of inorganic carbon,cycling of nutrients
recycling of nitrogen,cycling of nitrogen
recycling of phosphorous,cycling of phosphorous
school climate,school domain
school climate crisis,school domain
sponsored by the school,sponsored by the domain
strawberry tongue,domain tongue
studio technology,studio domain
sustainable competitive,domain competitive
sustainable value,domain value
theromodynamic law,thermodynamic domain
total organism,total domain
trans ?disciplinary,domain disciplinary
wealth preservation,wealth domain
youth ecosystem,youth domain
zebra fish,domain domain
phosphate buffered,domain buffered
CO2 and brine,domain and brine
CO2  scCO2  dissolved in brine,domain dissolved in brine
architecture of these undiagnosed,domain of these undiagnosed
architecture of the biofilm,domain of the biofilm
ecology of enlightenment,domain of enlightenment
anode architecture,anode domain
